-- CREATE DATABASE  IF NOT EXISTS `hwakimblog` /*!40100 DEFAULT CHARACTER SET utf8 */;
USE `app_hwakimblog`;
-- MySQL dump 10.13  Distrib 5.5.16, for Win32 (x86)
--
-- Host: localhost    Database: app_hwakimblog
-- ------------------------------------------------------
-- Server version	5.5.27

/*!40101 SET @OLD_CHARACTER_SET_CLIENT=@@CHARACTER_SET_CLIENT */;
/*!40101 SET @OLD_CHARACTER_SET_RESULTS=@@CHARACTER_SET_RESULTS */;
/*!40101 SET @OLD_COLLATION_CONNECTION=@@COLLATION_CONNECTION */;
/*!40101 SET NAMES utf8 */;
/*!40103 SET @OLD_TIME_ZONE=@@TIME_ZONE */;
/*!40103 SET TIME_ZONE='+00:00' */;
/*!40014 SET @OLD_UNIQUE_CHECKS=@@UNIQUE_CHECKS, UNIQUE_CHECKS=0 */;
/*!40014 SET @OLD_FOREIGN_KEY_CHECKS=@@FOREIGN_KEY_CHECKS, FOREIGN_KEY_CHECKS=0 */;
/*!40101 SET @OLD_SQL_MODE=@@SQL_MODE, SQL_MODE='NO_AUTO_VALUE_ON_ZERO' */;
/*!40111 SET @OLD_SQL_NOTES=@@SQL_NOTES, SQL_NOTES=0 */;

--
-- Table structure for table `blogapp_post`
--

DROP TABLE IF EXISTS `blogapp_post`;
/*!40101 SET @saved_cs_client     = @@character_set_client */;
/*!40101 SET character_set_client = utf8 */;
CREATE TABLE `blogapp_post` (
  `id` int(11) NOT NULL AUTO_INCREMENT,
  `title` varchar(100) NOT NULL,
  `slug` varchar(100) NOT NULL,
  `content` longtext NOT NULL,
  `published` datetime NOT NULL,
  `author_id` int(11) NOT NULL,
  `category_id` int(11) NOT NULL,
  PRIMARY KEY (`id`),
  UNIQUE KEY `title` (`title`),
  UNIQUE KEY `slug` (`slug`),
  KEY `blogapp_post_790e6d98` (`published`),
  KEY `blogapp_post_337b96ff` (`author_id`),
  KEY `blogapp_post_42dc49bc` (`category_id`),
  CONSTRAINT `author_id_refs_id_16ff1a4a` FOREIGN KEY (`author_id`) REFERENCES `auth_user` (`id`),
  CONSTRAINT `category_id_refs_id_316926c9` FOREIGN KEY (`category_id`) REFERENCES `blogapp_category` (`id`)
) ENGINE=InnoDB AUTO_INCREMENT=2 DEFAULT CHARSET=utf8;
/*!40101 SET character_set_client = @saved_cs_client */;

--
-- Dumping data for table `blogapp_post`
--

/*!40000 ALTER TABLE `blogapp_post` DISABLE KEYS */;
INSERT INTO `blogapp_post` VALUES (1,'First blog','first-blog','<p>this is a test blog.</p>','2013-07-12 14:13:21',1,1);
/*!40000 ALTER TABLE `blogapp_post` ENABLE KEYS */;

--
-- Table structure for table `auth_permission`
--

DROP TABLE IF EXISTS `auth_permission`;
/*!40101 SET @saved_cs_client     = @@character_set_client */;
/*!40101 SET character_set_client = utf8 */;
CREATE TABLE `auth_permission` (
  `id` int(11) NOT NULL AUTO_INCREMENT,
  `name` varchar(50) NOT NULL,
  `content_type_id` int(11) NOT NULL,
  `codename` varchar(100) NOT NULL,
  PRIMARY KEY (`id`),
  UNIQUE KEY `content_type_id` (`content_type_id`,`codename`),
  KEY `auth_permission_1bb8f392` (`content_type_id`),
  CONSTRAINT `content_type_id_refs_id_728de91f` FOREIGN KEY (`content_type_id`) REFERENCES `django_content_type` (`id`)
) ENGINE=InnoDB AUTO_INCREMENT=31 DEFAULT CHARSET=utf8;
/*!40101 SET character_set_client = @saved_cs_client */;

--
-- Dumping data for table `auth_permission`
--

/*!40000 ALTER TABLE `auth_permission` DISABLE KEYS */;
INSERT INTO `auth_permission` VALUES (1,'Can add permission',1,'add_permission'),(2,'Can change permission',1,'change_permission'),(3,'Can delete permission',1,'delete_permission'),(4,'Can add group',2,'add_group'),(5,'Can change group',2,'change_group'),(6,'Can delete group',2,'delete_group'),(7,'Can add user',3,'add_user'),(8,'Can change user',3,'change_user'),(9,'Can delete user',3,'delete_user'),(10,'Can add content type',4,'add_contenttype'),(11,'Can change content type',4,'change_contenttype'),(12,'Can delete content type',4,'delete_contenttype'),(13,'Can add session',5,'add_session'),(14,'Can change session',5,'change_session'),(15,'Can delete session',5,'delete_session'),(16,'Can add site',6,'add_site'),(17,'Can change site',6,'change_site'),(18,'Can delete site',6,'delete_site'),(19,'Can add log entry',7,'add_logentry'),(20,'Can change log entry',7,'change_logentry'),(21,'Can delete log entry',7,'delete_logentry'),(22,'Can add category',8,'add_category'),(23,'Can change category',8,'change_category'),(24,'Can delete category',8,'delete_category'),(25,'Can add post',9,'add_post'),(26,'Can change post',9,'change_post'),(27,'Can delete post',9,'delete_post'),(28,'Can add about',10,'add_about'),(29,'Can change about',10,'change_about'),(30,'Can delete about',10,'delete_about');
/*!40000 ALTER TABLE `auth_permission` ENABLE KEYS */;

--
-- Table structure for table `auth_group`
--

DROP TABLE IF EXISTS `auth_group`;
/*!40101 SET @saved_cs_client     = @@character_set_client */;
/*!40101 SET character_set_client = utf8 */;
CREATE TABLE `auth_group` (
  `id` int(11) NOT NULL AUTO_INCREMENT,
  `name` varchar(80) NOT NULL,
  PRIMARY KEY (`id`),
  UNIQUE KEY `name` (`name`)
) ENGINE=InnoDB DEFAULT CHARSET=utf8;
/*!40101 SET character_set_client = @saved_cs_client */;

--
-- Dumping data for table `auth_group`
--

/*!40000 ALTER TABLE `auth_group` DISABLE KEYS */;
/*!40000 ALTER TABLE `auth_group` ENABLE KEYS */;

--
-- Table structure for table `auth_group_permissions`
--

DROP TABLE IF EXISTS `auth_group_permissions`;
/*!40101 SET @saved_cs_client     = @@character_set_client */;
/*!40101 SET character_set_client = utf8 */;
CREATE TABLE `auth_group_permissions` (
  `id` int(11) NOT NULL AUTO_INCREMENT,
  `group_id` int(11) NOT NULL,
  `permission_id` int(11) NOT NULL,
  PRIMARY KEY (`id`),
  UNIQUE KEY `group_id` (`group_id`,`permission_id`),
  KEY `auth_group_permissions_425ae3c4` (`group_id`),
  KEY `auth_group_permissions_1e014c8f` (`permission_id`),
  CONSTRAINT `group_id_refs_id_3cea63fe` FOREIGN KEY (`group_id`) REFERENCES `auth_group` (`id`),
  CONSTRAINT `permission_id_refs_id_5886d21f` FOREIGN KEY (`permission_id`) REFERENCES `auth_permission` (`id`)
) ENGINE=InnoDB DEFAULT CHARSET=utf8;
/*!40101 SET character_set_client = @saved_cs_client */;

--
-- Dumping data for table `auth_group_permissions`
--

/*!40000 ALTER TABLE `auth_group_permissions` DISABLE KEYS */;
/*!40000 ALTER TABLE `auth_group_permissions` ENABLE KEYS */;

--
-- Table structure for table `django_session`
--

DROP TABLE IF EXISTS `django_session`;
/*!40101 SET @saved_cs_client     = @@character_set_client */;
/*!40101 SET character_set_client = utf8 */;
CREATE TABLE `django_session` (
  `session_key` varchar(40) NOT NULL,
  `session_data` longtext NOT NULL,
  `expire_date` datetime NOT NULL,
  PRIMARY KEY (`session_key`),
  KEY `django_session_3da3d3d8` (`expire_date`)
) ENGINE=InnoDB DEFAULT CHARSET=utf8;
/*!40101 SET character_set_client = @saved_cs_client */;

--
-- Dumping data for table `django_session`
--

/*!40000 ALTER TABLE `django_session` DISABLE KEYS */;
INSERT INTO `django_session` VALUES ('c4b5c851d288c96c138424dad27c095c','OTMzNzdlODJiZGY5Yzc4NTlkYTAwZDAyY2RiZTIxNTI3NzBmMGZiYjqAAn1xAShVEl9hdXRoX3Vz\nZXJfYmFja2VuZHECVSlkamFuZ28uY29udHJpYi5hdXRoLmJhY2tlbmRzLk1vZGVsQmFja2VuZHED\nVQ1fYXV0aF91c2VyX2lkcQSKAQF1Lg==\n','2013-07-29 12:59:42');
/*!40000 ALTER TABLE `django_session` ENABLE KEYS */;

--
-- Table structure for table `auth_user_groups`
--

DROP TABLE IF EXISTS `auth_user_groups`;
/*!40101 SET @saved_cs_client     = @@character_set_client */;
/*!40101 SET character_set_client = utf8 */;
CREATE TABLE `auth_user_groups` (
  `id` int(11) NOT NULL AUTO_INCREMENT,
  `user_id` int(11) NOT NULL,
  `group_id` int(11) NOT NULL,
  PRIMARY KEY (`id`),
  UNIQUE KEY `user_id` (`user_id`,`group_id`),
  KEY `auth_user_groups_403f60f` (`user_id`),
  KEY `auth_user_groups_425ae3c4` (`group_id`),
  CONSTRAINT `group_id_refs_id_f116770` FOREIGN KEY (`group_id`) REFERENCES `auth_group` (`id`),
  CONSTRAINT `user_id_refs_id_7ceef80f` FOREIGN KEY (`user_id`) REFERENCES `auth_user` (`id`)
) ENGINE=InnoDB DEFAULT CHARSET=utf8;
/*!40101 SET character_set_client = @saved_cs_client */;

--
-- Dumping data for table `auth_user_groups`
--

/*!40000 ALTER TABLE `auth_user_groups` DISABLE KEYS */;
/*!40000 ALTER TABLE `auth_user_groups` ENABLE KEYS */;

--
-- Table structure for table `blogapp_category`
--

DROP TABLE IF EXISTS `blogapp_category`;
/*!40101 SET @saved_cs_client     = @@character_set_client */;
/*!40101 SET character_set_client = utf8 */;
CREATE TABLE `blogapp_category` (
  `id` int(11) NOT NULL AUTO_INCREMENT,
  `name` varchar(100) NOT NULL,
  `slug` varchar(100) NOT NULL,
  `description` longtext NOT NULL,
  `parent_id` int(11) DEFAULT NULL,
  PRIMARY KEY (`id`),
  UNIQUE KEY `name` (`name`),
  UNIQUE KEY `slug` (`slug`),
  KEY `blogapp_category_63f17a16` (`parent_id`),
  CONSTRAINT `parent_id_refs_id_7fe202f3` FOREIGN KEY (`parent_id`) REFERENCES `blogapp_category` (`id`)
) ENGINE=InnoDB AUTO_INCREMENT=2 DEFAULT CHARSET=utf8;
/*!40101 SET character_set_client = @saved_cs_client */;

--
-- Dumping data for table `blogapp_category`
--

/*!40000 ALTER TABLE `blogapp_category` DISABLE KEYS */;
INSERT INTO `blogapp_category` VALUES (1,'Normal Article','normal-article','a category for normal article',NULL);
/*!40000 ALTER TABLE `blogapp_category` ENABLE KEYS */;

--
-- Table structure for table `auth_user_user_permissions`
--

DROP TABLE IF EXISTS `auth_user_user_permissions`;
/*!40101 SET @saved_cs_client     = @@character_set_client */;
/*!40101 SET character_set_client = utf8 */;
CREATE TABLE `auth_user_user_permissions` (
  `id` int(11) NOT NULL AUTO_INCREMENT,
  `user_id` int(11) NOT NULL,
  `permission_id` int(11) NOT NULL,
  PRIMARY KEY (`id`),
  UNIQUE KEY `user_id` (`user_id`,`permission_id`),
  KEY `auth_user_user_permissions_403f60f` (`user_id`),
  KEY `auth_user_user_permissions_1e014c8f` (`permission_id`),
  CONSTRAINT `permission_id_refs_id_67e79cb` FOREIGN KEY (`permission_id`) REFERENCES `auth_permission` (`id`),
  CONSTRAINT `user_id_refs_id_dfbab7d` FOREIGN KEY (`user_id`) REFERENCES `auth_user` (`id`)
) ENGINE=InnoDB DEFAULT CHARSET=utf8;
/*!40101 SET character_set_client = @saved_cs_client */;

--
-- Dumping data for table `auth_user_user_permissions`
--

/*!40000 ALTER TABLE `auth_user_user_permissions` DISABLE KEYS */;
/*!40000 ALTER TABLE `auth_user_user_permissions` ENABLE KEYS */;

--
-- Table structure for table `django_admin_log`
--

DROP TABLE IF EXISTS `django_admin_log`;
/*!40101 SET @saved_cs_client     = @@character_set_client */;
/*!40101 SET character_set_client = utf8 */;
CREATE TABLE `django_admin_log` (
  `id` int(11) NOT NULL AUTO_INCREMENT,
  `action_time` datetime NOT NULL,
  `user_id` int(11) NOT NULL,
  `content_type_id` int(11) DEFAULT NULL,
  `object_id` longtext,
  `object_repr` varchar(200) NOT NULL,
  `action_flag` smallint(5) unsigned NOT NULL,
  `change_message` longtext NOT NULL,
  PRIMARY KEY (`id`),
  KEY `django_admin_log_403f60f` (`user_id`),
  KEY `django_admin_log_1bb8f392` (`content_type_id`),
  CONSTRAINT `content_type_id_refs_id_288599e6` FOREIGN KEY (`content_type_id`) REFERENCES `django_content_type` (`id`),
  CONSTRAINT `user_id_refs_id_c8665aa` FOREIGN KEY (`user_id`) REFERENCES `auth_user` (`id`)
) ENGINE=InnoDB AUTO_INCREMENT=7 DEFAULT CHARSET=utf8;
/*!40101 SET character_set_client = @saved_cs_client */;

--
-- Dumping data for table `django_admin_log`
--

/*!40000 ALTER TABLE `django_admin_log` DISABLE KEYS */;
INSERT INTO `django_admin_log` VALUES (1,'2013-07-12 14:14:19',1,8,'1','Normal Article',1,''),(2,'2013-07-12 14:48:51',1,9,'1','First blog',1,''),(3,'2013-07-15 13:04:19',1,10,'1','关于我',1,''),(4,'2013-07-15 14:30:25',1,10,'1','关于我',2,'Changed detail.'),(5,'2013-07-16 13:13:27',1,10,'2','about me',1,''),(6,'2013-07-16 13:14:16',1,10,'2','about me',3,'');
/*!40000 ALTER TABLE `django_admin_log` ENABLE KEYS */;

--
-- Table structure for table `django_site`
--

DROP TABLE IF EXISTS `django_site`;
/*!40101 SET @saved_cs_client     = @@character_set_client */;
/*!40101 SET character_set_client = utf8 */;
CREATE TABLE `django_site` (
  `id` int(11) NOT NULL AUTO_INCREMENT,
  `domain` varchar(100) NOT NULL,
  `name` varchar(50) NOT NULL,
  PRIMARY KEY (`id`)
) ENGINE=InnoDB AUTO_INCREMENT=2 DEFAULT CHARSET=utf8;
/*!40101 SET character_set_client = @saved_cs_client */;

--
-- Dumping data for table `django_site`
--

/*!40000 ALTER TABLE `django_site` DISABLE KEYS */;
INSERT INTO `django_site` VALUES (1,'example.com','example.com');
/*!40000 ALTER TABLE `django_site` ENABLE KEYS */;

--
-- Table structure for table `auth_user`
--

DROP TABLE IF EXISTS `auth_user`;
/*!40101 SET @saved_cs_client     = @@character_set_client */;
/*!40101 SET character_set_client = utf8 */;
CREATE TABLE `auth_user` (
  `id` int(11) NOT NULL AUTO_INCREMENT,
  `username` varchar(30) NOT NULL,
  `first_name` varchar(30) NOT NULL,
  `last_name` varchar(30) NOT NULL,
  `email` varchar(75) NOT NULL,
  `password` varchar(128) NOT NULL,
  `is_staff` tinyint(1) NOT NULL,
  `is_active` tinyint(1) NOT NULL,
  `is_superuser` tinyint(1) NOT NULL,
  `last_login` datetime NOT NULL,
  `date_joined` datetime NOT NULL,
  PRIMARY KEY (`id`),
  UNIQUE KEY `username` (`username`)
) ENGINE=InnoDB AUTO_INCREMENT=2 DEFAULT CHARSET=utf8;
/*!40101 SET character_set_client = @saved_cs_client */;

--
-- Dumping data for table `auth_user`
--

/*!40000 ALTER TABLE `auth_user` DISABLE KEYS */;
INSERT INTO `auth_user` VALUES (1,'sunhuaqin','','','gene.h.sun@gmail.com','pbkdf2_sha256$10000$lWWFtjstXOwd$qwWCfpzQBRmaBhVbyBmuEzLu0/qBE7UaK6K+j82Wzkg=',1,1,1,'2013-07-15 12:59:42','2013-07-10 13:27:15');
/*!40000 ALTER TABLE `auth_user` ENABLE KEYS */;

--
-- Table structure for table `blogapp_about`
--

DROP TABLE IF EXISTS `blogapp_about`;
/*!40101 SET @saved_cs_client     = @@character_set_client */;
/*!40101 SET character_set_client = utf8 */;
CREATE TABLE `blogapp_about` (
  `id` int(11) NOT NULL AUTO_INCREMENT,
  `subject` varchar(100) NOT NULL,
  `slug` varchar(100) NOT NULL,
  `detail` longtext NOT NULL,
  `author_id` int(11) NOT NULL,
  PRIMARY KEY (`id`),
  UNIQUE KEY `subject` (`subject`),
  UNIQUE KEY `slug` (`slug`),
  KEY `blogapp_about_337b96ff` (`author_id`),
  CONSTRAINT `author_id_refs_id_36a6cae2` FOREIGN KEY (`author_id`) REFERENCES `auth_user` (`id`)
) ENGINE=InnoDB AUTO_INCREMENT=3 DEFAULT CHARSET=utf8;
/*!40101 SET character_set_client = @saved_cs_client */;

--
-- Dumping data for table `blogapp_about`
--

/*!40000 ALTER TABLE `blogapp_about` DISABLE KEYS */;
INSERT INTO `blogapp_about` VALUES (1,'关于我','about-me','一个成长中的程序员。\r\n\r\nE-mail: gene.h.sun@gmail.com',1);
/*!40000 ALTER TABLE `blogapp_about` ENABLE KEYS */;

--
-- Table structure for table `django_content_type`
--

DROP TABLE IF EXISTS `django_content_type`;
/*!40101 SET @saved_cs_client     = @@character_set_client */;
/*!40101 SET character_set_client = utf8 */;
CREATE TABLE `django_content_type` (
  `id` int(11) NOT NULL AUTO_INCREMENT,
  `name` varchar(100) NOT NULL,
  `app_label` varchar(100) NOT NULL,
  `model` varchar(100) NOT NULL,
  PRIMARY KEY (`id`),
  UNIQUE KEY `app_label` (`app_label`,`model`)
) ENGINE=InnoDB AUTO_INCREMENT=11 DEFAULT CHARSET=utf8;
/*!40101 SET character_set_client = @saved_cs_client */;

--
-- Dumping data for table `django_content_type`
--

/*!40000 ALTER TABLE `django_content_type` DISABLE KEYS */;
INSERT INTO `django_content_type` VALUES (1,'permission','auth','permission'),(2,'group','auth','group'),(3,'user','auth','user'),(4,'content type','contenttypes','contenttype'),(5,'session','sessions','session'),(6,'site','sites','site'),(7,'log entry','admin','logentry'),(8,'category','blogapp','category'),(9,'post','blogapp','post'),(10,'about','blogapp','about');
/*!40000 ALTER TABLE `django_content_type` ENABLE KEYS */;
/*!40103 SET TIME_ZONE=@OLD_TIME_ZONE */;

/*!40101 SET SQL_MODE=@OLD_SQL_MODE */;
/*!40014 SET FOREIGN_KEY_CHECKS=@OLD_FOREIGN_KEY_CHECKS */;
/*!40014 SET UNIQUE_CHECKS=@OLD_UNIQUE_CHECKS */;
/*!40101 SET CHARACTER_SET_CLIENT=@OLD_CHARACTER_SET_CLIENT */;
/*!40101 SET CHARACTER_SET_RESULTS=@OLD_CHARACTER_SET_RESULTS */;
/*!40101 SET COLLATION_CONNECTION=@OLD_COLLATION_CONNECTION */;
/*!40111 SET SQL_NOTES=@OLD_SQL_NOTES */;

-- Dump completed on 2013-07-16 21:49:45
